<!DOCTYPE log4j:configuration PUBLIC "-//LOGGER" "http://logging.apache.org/log4j/1.2/apidocs/org/apache/log4j/xml/doc-files/log4j.dtd">
<log4j:configuration>
    <!--
    an appender is an output destination, such as the console or a file;
    names of appenders are arbitrarily chosen
    -->
    <appender name="stdout" class="org.apache.log4j.ConsoleAppender">
        <layout class="org.apache.log4j.PatternLayout">
            <param name="ConversionPattern"
                   value="%d{ABSOLUTE} %5p %c{1}:%L - %m%n" />
        </layout>
    </appender>
    <appender name="file" class="org.apache.log4j.RollingFileAppender">
        <param name="append" value="false"/>
        <param name="file" value="D:\projects\java\IdeaProjects\library-0.3\log\project.log"/>
        <layout class="org.apache.log4j.PatternLayout">
            <param name="ConversionPattern" value="%d{ABSOLUTE} %-5p [%c{1}] %m%n"/>
        </layout>
    </appender>
    <!--
    loggers of category 'org.springframework' will only log messages of level "info" or higher;
    if you retrieve Loggers by using the class name (e.g. Logger.getLogger(AClass.class))
    and if AClass is part of the org.springframework package, it will belong to this category
    -->
    <logger name="by.training.library.controller.Controller">
        <level value="trace"/>
    </logger>
    <!--
    everything of spring was set to "info" but for class
    PropertyEditorRegistrySupport we want "debug" logging
    -->
    <root>
        <!--
        all log messages of level "debug" or higher will be logged, unless defined otherwise
        all log messages will be logged to the appender "stdout", unless defined otherwise
        -->
        <level value="trace" />
        <appender-ref ref="stdout" />
        <appender-ref ref="file" />
    </root>
</log4j:configuration>

